Rank,Country,Region,Documents,Citable documents,Citations,Self-citations,Citations per document,H index,Retracted_Papers,Retraction_Rate_%,Retractions_per_10k
1,United States,Northern America,17968858,15266318,617838810,243153029,34.38,3388,7416,0.04127140411483022,4.127140411483023
2,China,Asiatic Region,13093955,12824976,216481059,132545835,16.53,1595,37774,0.2884842662129204,28.848426621292038
3,United Kingdom,Western Europe,5414348,4408772,176516471,34553480,32.6,2183,2111,0.03898899738251032,3.898899738251032
4,Germany,Western Europe,4579330,4119750,134068585,27969588,29.28,1920,1554,0.03393509530870237,3.3935095308702365
5,Japan,Asiatic Region,3786488,3578817,82899340,18351843,21.89,1438,1872,0.04943895240127527,4.943895240127527
6,India,Asiatic Region,3746783,3335152,53153702,18758940,14.19,1001,6282,0.1676638332137196,16.76638332137196
7,France,Western Europe,3061665,2792844,90008914,15552400,29.4,1705,1128,0.03684269833570949,3.684269833570949
8,Italy,Western Europe,2885935,2568060,76815736,16019564,26.62,1505,1254,0.04345212210254216,4.345212210254216
9,Canada,Northern America,2735737,2394678,91665429,13460754,33.51,1764,967,0.035346965004311455,3.5346965004311452
10,Australia,Pacific Region,2291634,1975694,73963977,12233662,32.28,1584,951,0.041498773364333046,4.149877336433304
11,Spain,Western Europe,2257758,2052290,58430814,10763027,25.88,1388,778,0.03445896327241449,3.445896327241449
13,South Korea,Asiatic Region,1833781,1769733,40234865,6383822,21.94,1071,1524,0.08310697951391142,8.310697951391141
14,Brazil,Latin America,1633892,1529054,28905616,8072753,17.69,910,489,0.029928538728385964,2.9928538728385967
15,Netherlands,Western Europe,1512814,1335185,59680596,7359454,39.45,1574,507,0.03351370360136805,3.351370360136805
16,Switzerland,Western Europe,1130609,1012702,45174475,4768553,39.96,1458,343,0.030337632196453412,3.0337632196453415
17,Turkey,Middle East,1110204,1020574,17590307,3351101,15.84,694,848,0.07638235855752637,7.638235855752637
18,Poland,Eastern Europe,1105845,1037818,18121124,3640067,16.39,842,350,0.03165000519964371,3.165000519964371
19,Iran,Middle East,1048270,1010677,18408421,4861823,17.56,594,2140,0.20414587844734658,20.41458784473466
20,Sweden,Western Europe,1019716,923872,37204577,4369139,36.49,1306,332,0.03255808480008159,3.255808480008159
21,Taiwan,Asiatic Region,977147,933778,20811730,2922692,21.3,784,765,0.07828914175656272,7.828914175656272
22,Belgium,Western Europe,832555,746747,28780548,2909095,34.57,1207,212,0.025463783173484033,2.5463783173484034
23,Denmark,Western Europe,650511,581571,25075532,2713548,38.55,1147,197,0.030283884515404043,3.0283884515404043
24,Austria,Western Europe,633632,565319,19415580,1959270,30.64,998,119,0.018780617140548458,1.878061714054846
25,Malaysia,Asiatic Region,614709,576613,10113105,1824288,16.45,615,1003,0.16316663657112554,16.316663657112553
26,Israel,Middle East,573266,513402,18859268,2011355,32.9,1019,169,0.029480206396332594,2.9480206396332593
27,Saudi Arabia,Middle East,570368,545510,11704802,1909471,20.52,673,2508,0.4397161131059246,43.97161131059246
28,Portugal,Western Europe,568757,509013,13632162,1849131,23.97,794,163,0.028658987933335326,2.8658987933335327
29,Mexico,Latin America,558931,514436,10021390,1687822,17.93,684,159,0.028447160740771225,2.8447160740771222
30,Hong Kong,Asiatic Region,548556,505222,18256588,1693492,33.28,935,132,0.02406317677684685,2.406317677684685
31,South Africa,Africa,533957,467270,11500529,2022929,21.54,761,304,0.056933423477920506,5.693342347792051
32,Norway,Western Europe,533232,471325,16880841,1969653,31.66,953,185,0.034694091877456715,3.4694091877456716
33,Czech Republic,Eastern Europe,527808,500410,9782686,1561985,18.53,715,184,0.03486116163453377,3.486116163453377
34,Finland,Western Europe,526762,477069,17373941,1987379,32.98,950,125,0.023729881806204698,2.37298818062047
35,Indonesia,Asiatic Region,522771,506360,3796851,1158783,7.26,381,261,0.04992625834256299,4.9926258342563
36,Greece,Western Europe,511712,453895,12911378,1555155,25.23,775,249,0.04866018385341755,4.866018385341755
37,Singapore,Asiatic Region,501922,453241,16980424,1356514,33.83,936,241,0.04801542869210754,4.801542869210754
38,Egypt,Africa/Middle East,483017,461751,8679630,1734252,17.97,496,1293,0.2676924414668635,26.769244146686347
39,Pakistan,Asiatic Region,417784,389712,7534065,1567311,18.03,529,1593,0.38129751259023803,38.129751259023806
40,New Zealand,Pacific Region,385331,332409,11993285,1296891,31.12,802,111,0.02880640280693741,2.8806402806937412
41,Thailand,Asiatic Region,374005,353080,6482540,935364,17.33,520,343,0.09171000387695351,9.17100038769535
42,Ireland,Western Europe,360809,307355,10785679,912241,29.89,812,162,0.044899101740810236,4.489910174081023
43,Ukraine,Eastern Europe,357473,344560,3139218,922921,8.78,405,107,0.02993233055363622,2.993233055363622
44,Romania,Eastern Europe,346715,327134,4586840,748409,13.23,497,222,0.06402953434376937,6.402953434376938
45,Argentina,Latin America,335720,309026,7372776,1212986,21.96,646,77,0.022935779816513763,2.293577981651376
46,Hungary,Eastern Europe,307547,285660,6988958,854113,22.72,672,106,0.03446627669917118,3.446627669917118
47,Chile,Latin America,291720,272535,6268433,1023135,21.49,597,69,0.02365281777046483,2.3652817770464827
48,Colombia,Latin America,228994,212895,3454885,481496,15.09,472,115,0.05021965641021162,5.021965641021162
49,Nigeria,Africa,222607,201021,3021370,575055,13.57,378,237,0.10646565471885429,10.64656547188543
50,Iraq,Middle East,194802,189848,1737828,459621,8.92,268,910,0.4671409944456422,46.714099444564226
52,Slovakia,Eastern Europe,184464,176146,2767052,424535,15.0,405,52,0.028189782288142944,2.818978228814294
53,Croatia,Eastern Europe,178266,166720,2792923,377647,15.67,448,58,0.032535648974005134,3.253564897400514
54,United Arab Emirates,Middle East,174668,157215,3077416,294373,17.62,421,212,0.12137311928916573,12.137311928916573
55,Serbia,Eastern Europe,165840,154435,2719583,384230,16.4,411,167,0.1006994693680656,10.069946936806561
56,Morocco,Africa,160851,149543,2063485,448058,12.83,313,81,0.05035716284014398,5.035716284014398
57,Tunisia,Africa,157648,148332,2345578,364095,14.88,317,163,0.10339490510504416,10.339490510504415
58,Slovenia,Eastern Europe,155065,144285,3368655,386244,21.72,470,21,0.013542707896688485,1.3542707896688484
59,Bangladesh,Asiatic Region,147613,136208,2612661,433105,17.7,386,345,0.23371925236937127,23.371925236937127
60,Algeria,Africa,144245,139561,1826114,360575,12.66,285,105,0.07279281777531284,7.279281777531284
61,Bulgaria,Eastern Europe,137261,130058,2093629,253914,15.25,394,19,0.01384224215181297,1.384224215181297
62,Jordan,Middle East,114702,108576,1751709,258940,15.27,309,235,0.20487872922878414,20.487872922878413
63,Lithuania,Eastern Europe,93538,88382,1584036,201022,16.93,342,26,0.02779618978383117,2.779618978383117
64,Ethiopia,Africa,93482,88475,1609747,372871,17.22,289,536,0.5733724139406516,57.33724139406517
65,Philippines,Asiatic Region,92582,83638,1577053,162091,17.03,379,132,0.1425763107299475,14.257631072994752
66,Peru,Latin America,90899,83248,1346854,168120,14.82,363,59,0.06490720469972167,6.490720469972167
67,Kazakhstan,Asiatic Region,76497,73331,664825,135617,8.69,213,202,0.26406264297946325,26.406264297946322
68,Kenya,Africa,75214,65971,2005387,241553,26.66,399,43,0.057170207674103225,5.717020767410323
69,Estonia,Eastern Europe,73039,66804,2091468,215729,28.63,446,13,0.01779871027807062,1.779871027807062
70,Qatar,Middle East,71954,64548,1798479,136462,24.99,381,65,0.09033549211996554,9.033549211996554
71,Lebanon,Middle East,71152,64145,1609511,116291,22.62,353,113,0.1588149314144367,15.88149314144367
72,Ecuador,Latin America,70139,66093,915166,125355,13.05,265,45,0.06415831420465076,6.415831420465076
73,Ghana,Africa,65428,58735,1192422,175946,18.22,277,100,0.15283976279268813,15.283976279268813
74,Cyprus,Western Europe,62241,54529,1428147,121253,22.95,354,30,0.0481997397214055,4.81997397214055
75,Cuba,Latin America,60039,56152,683886,99498,11.39,248,9,0.014990256333383302,1.4990256333383303
76,Belarus,Eastern Europe,59137,57633,771890,113978,13.05,253,44,0.07440350372863014,7.440350372863013
77,Venezuela,Latin America,51959,48827,948954,77323,18.26,306,16,0.03079351026771108,3.079351026771108
78,Oman,Middle East,51657,45759,890563,72195,17.24,269,106,0.2051996825212459,20.519968252124592
80,Kuwait,Middle East,50043,46754,888055,70406,17.75,258,70,0.13987970345502868,13.987970345502866
81,Sri Lanka,Asiatic Region,49740,44566,958993,85736,19.28,298,30,0.060313630880579006,6.0313630880579
82,Uzbekistan,Asiatic Region,49193,47389,365066,118039,7.42,158,290,0.5895147683613522,58.95147683613522
83,Latvia,Eastern Europe,48290,45596,755909,83581,15.65,263,8,0.016566576931041625,1.6566576931041623
84,Luxembourg,Western Europe,42378,37203,1080020,70407,25.49,324,9,0.021237434517910235,2.1237434517910234
85,Uganda,Africa,41903,37388,960475,134020,22.92,276,14,0.03341049566856788,3.341049566856788
86,Nepal,Asiatic Region,40967,36309,729915,85985,17.82,247,79,0.1928381380135231,19.28381380135231
87,Tanzania,Africa,40098,36686,898275,119729,22.4,262,19,0.04738390942191631,4.73839094219163
88,Iceland,Western Europe,38233,33719,1528652,112782,39.98,440,11,0.02877095702665237,2.877095702665237
89,Georgia,Eastern Europe,37890,32636,844179,81658,22.28,288,32,0.0844550013196094,8.445500131960939
90,Azerbaijan,Eastern Europe,37194,35906,383216,74718,10.3,182,78,0.2097112437489918,20.97112437489918
91,Cameroon,Africa,36665,34148,705588,113690,19.24,218,41,0.11182326469384972,11.182326469384972
92,Uruguay,Latin America,36486,33381,820142,83945,22.48,274,6,0.0164446637066272,1.64446637066272
93,Armenia,Eastern Europe,29231,27802,570028,92920,19.5,256,18,0.06157846122267456,6.157846122267456
95,Puerto Rico,Latin America,25831,24007,790961,34871,30.62,305,3,0.01161395222794317,1.161395222794317
96,Costa Rica,Latin America,25647,23407,627650,51696,24.47,269,4,0.015596366046711116,1.5596366046711116
97,Zimbabwe,Africa,22749,18554,443514,46423,19.5,210,5,0.021978988087388455,2.1978988087388456
98,Sudan,Africa,21498,19879,370168,26985,17.22,174,56,0.2604893478463113,26.04893478463113
100,Palestine,Middle East,21218,19574,409598,38558,19.3,184,18,0.0848336318220379,8.48336318220379
101,Bahrain,Middle East,20339,17422,309242,16810,15.2,165,67,0.32941639215300655,32.941639215300654
102,Senegal,Africa,19032,17478,328618,29766,17.27,179,49,0.2574611181168558,25.74611181168558
103,Malta,Western Europe,18347,14896,395160,23250,21.54,222,106,0.5777511309750913,57.775113097509134
104,Malawi,Africa,16408,14645,401324,43813,24.46,204,5,0.030472940029254023,3.047294002925402
106,Yemen,Middle East,15558,14886,298977,25731,19.22,157,67,0.43064661267515103,43.064661267515106
107,Botswana,Africa,15458,13282,316787,25045,20.49,175,17,0.10997541725967137,10.997541725967137
108,Panama,Latin America,14191,13100,617542,42365,43.52,298,4,0.028186879007821856,2.8186879007821855
109,Burkina Faso,Africa,14086,13419,269868,33428,19.16,163,4,0.02839698991906858,2.839698991906858
110,Zambia,Africa,14070,12509,321775,29880,22.87,184,14,0.09950248756218905,9.950248756218905
111,Moldova,Eastern Europe,13276,12409,219612,21627,16.54,162,6,0.04519433564326605,4.519433564326604
112,Albania,Eastern Europe,13235,12007,157237,11556,11.88,129,13,0.09822440498677748,9.822440498677748
113,Libya,Africa,13164,12538,218684,9373,16.61,149,21,0.15952597994530537,15.952597994530539
116,Benin,Africa,12101,11550,243169,25848,20.09,145,5,0.04131889926452359,4.131889926452359
117,Mongolia,Asiatic Region,11496,10839,212050,22026,18.45,156,9,0.07828810020876827,7.828810020876827
118,Rwanda,Africa,11401,10169,206190,17089,18.09,144,11,0.09648276466976581,9.648276466976581
120,Jamaica,Latin America,10388,8217,232203,12473,22.35,155,1,0.009626492106276472,0.9626492106276473
121,Mozambique,Africa,9518,8589,256188,19130,26.92,160,2,0.02101281781886951,2.101281781886951
122,Cambodia,Asiatic Region,9406,8000,215040,18885,22.86,161,7,0.0744205826068467,7.44205826068467
123,Bolivia,Latin America,9367,8528,264934,14796,28.28,189,3,0.03202732998825664,3.2027329988256645
124,Montenegro,Eastern Europe,9043,8484,125611,14145,13.89,114,9,0.09952449408382175,9.952449408382174
125,Namibia,Africa,9008,7569,174103,13555,19.33,152,2,0.022202486678507993,2.2202486678507993
126,Kyrgyzstan,Asiatic Region,8799,7913,170361,8296,19.36,136,50,0.5682463916354131,56.82463916354131
129,Madagascar,Africa,8264,7515,170983,25855,20.69,143,3,0.03630203291384318,3.630203291384318
130,Fiji,Pacific Region,7996,6760,194920,13233,24.38,150,2,0.02501250625312656,2.501250625312656
131,Mauritius,Africa,7400,6257,157445,9453,21.28,160,1,0.013513513513513514,1.3513513513513513
132,Guatemala,Latin America,6793,6057,164779,8927,24.26,141,5,0.07360518180479907,7.3605181804799065
133,Mali,Africa,6679,6171,173706,12032,26.01,155,8,0.11977840994160803,11.977840994160804
134,Paraguay,Latin America,6566,5993,131028,6611,19.96,131,1,0.015229972586049346,1.5229972586049345
136,Afghanistan,Asiatic Region,6043,5296,99360,5415,16.44,90,39,0.6453748138341884,64.53748138341884
137,Laos,Asiatic Region,5995,4848,125236,11019,20.89,137,3,0.0500417014178482,5.004170141784821
138,Papua New Guinea,Pacific Region,5294,4684,141326,9640,26.7,135,6,0.11333585190782018,11.333585190782017
139,Gambia,Africa,4961,4564,247850,11375,49.96,176,11,0.22172949002217296,22.172949002217294
140,Gabon,Africa,4903,4605,134014,10851,27.33,141,17,0.34672649398327554,34.67264939832755
141,Dominican Republic,Latin America,4689,4348,80577,3823,17.18,111,2,0.04265301770100234,4.265301770100234
142,Honduras,Latin America,4675,4347,75240,3819,16.09,103,23,0.4919786096256685,49.19786096256685
143,Togo,Africa,4666,4375,56388,4654,12.08,87,2,0.04286326618088298,4.286326618088299
144,Niger,Africa,4249,3969,96906,6120,22.81,120,16,0.37655919039774066,37.65591903977406
145,Tajikistan,Asiatic Region,4140,3971,44166,4539,10.67,85,53,1.280193236714976,128.01932367149757
148,Barbados,Latin America,3981,3070,138992,3508,34.91,124,2,0.050238633509168545,5.023863350916855
149,Grenada,Latin America,3791,3202,58453,2492,15.42,94,7,0.1846478501714587,18.46478501714587
150,Sierra Leone,Africa,3455,2970,84609,6020,24.49,109,2,0.05788712011577424,5.788712011577424
151,El Salvador,Latin America,3141,2861,60145,2537,19.15,96,1,0.03183699458771092,3.183699458771092
153,North Korea,Asiatic Region,2977,2946,30333,3129,10.19,66,4,0.13436345314074571,13.436345314074572
155,French Polynesia,Pacific Region,2903,2679,90785,7373,31.27,120,5,0.17223561832586978,17.22356183258698
157,Angola,Africa,2825,2613,37678,3303,13.34,75,2,0.07079646017699115,7.079646017699115
159,Somalia,Africa,2568,2354,25799,2703,10.05,53,3,0.11682242990654204,11.682242990654204
163,Liberia,Africa,2231,1944,42849,1872,19.21,80,1,0.04482294935006724,4.482294935006724
165,French Guiana,Latin America,2216,2043,74710,4133,33.71,116,4,0.18050541516245489,18.050541516245488
166,Guyana,Latin America,1868,1615,30193,849,16.16,78,2,0.10706638115631692,10.706638115631693
167,Lesotho,Africa,1864,1598,25596,1253,13.73,64,2,0.1072961373390558,10.729613733905579
168,Burundi,Africa,1672,1536,32182,1150,19.25,76,20,1.1961722488038278,119.61722488038278
169,Faroe Islands,Western Europe,1672,1538,48301,3565,28.89,99,1,0.05980861244019139,5.980861244019138
173,Chad,Africa,1485,1422,24296,1495,16.36,66,4,0.26936026936026936,26.936026936026938
174,Central African Republic,Africa,1433,1313,32375,1489,22.59,80,2,0.13956734124214934,13.956734124214933
176,Maldives,Asiatic Region,1326,1130,18321,1391,13.82,58,4,0.301659125188537,30.1659125188537
178,Eritrea,Africa,1291,1170,25352,1010,19.64,71,1,0.0774593338497289,7.74593338497289
180,Bermuda,Latin America,1241,1111,70990,3110,57.2,123,3,0.24174053182917005,24.174053182917003
184,Belize,Latin America,1017,834,45361,787,44.6,73,2,0.19665683382497542,19.665683382497544
186,Samoa,Pacific Region,937,830,18301,1239,19.53,58,3,0.32017075773745995,32.017075773746
192,Turkmenistan,Asiatic Region,727,679,8750,792,12.04,43,1,0.1375515818431912,13.75515818431912
194,Dominica,Latin America,639,562,13106,211,20.51,56,1,0.1564945226917058,15.64945226917058
196,Cayman Islands,Latin America,586,520,10270,290,17.53,51,2,0.3412969283276451,34.129692832764505
203,Aruba,Latin America,405,322,7545,94,18.63,35,8,1.9753086419753085,197.53086419753086
207,Comoros,Africa,368,341,6725,369,18.27,35,1,0.2717391304347826,27.17391304347826
214,Anguilla,Latin America,184,161,19348,37,105.15,32,2,1.0869565217391304,108.69565217391305
216,Cook Islands,Pacific Region,181,167,5505,167,30.41,35,1,0.5524861878453038,55.248618784530386
