Reason,Bangladesh (%),Global (%),Difference (BD - Global)
Investigation by Journal/Publisher,74.13793103448276,44.11764705882353,30.020283975659233
Unreliable Results and/or Conclusions,62.93103448275862,30.264705882352942,32.66632860040568
Concerns/Issues about Referencing/Attributions,43.103448275862064,21.222689075630253,21.880759200231815
Investigation by Third Party,34.195402298850574,24.665266106442576,9.530136192407998
Concerns/Issues about Peer Review,31.321839080459768,16.264705882352942,15.057133198106825
Concerns/Issues about Data,28.448275862068968,22.168067226890756,6.280208635178211
Paper Mill,26.436781609195403,16.521008403361346,9.915773205834059
Concerns/Issues about Results and/or Conclusions,25.57471264367816,13.942577030812325,11.632135612865834
Computer-Aided Content or Computer-Generated Content,24.71264367816092,12.84313725490196,11.86950642325896
